written,said,language,exact_capitals
Ms.,Miz,en,yes
Prof.,Professor,en,yes
Jr.,Junior,en,yes
Sr.,Senior,en,yes
Gen.,General,en,yes
Col.,Colonel,en,yes
Lt.,Lieutenant,en,yes
Sgt.,Sergeant,en,yes
Capt.,Captain,en,yes
Gov.,Governor,en,yes
Sen.,Senator,en,yes
Pres.,President,en,yes
Rev.,Reverend,en,yes
Mt.,Mount,en,yes
Ft.,Fort,en,yes
Ave.,Avenue,en,yes
Blvd.,Boulevard,en,yes
Rd.,Road,en,yes
Dept.,Department,en,yes
Corp.,Corporation,en,yes
Ltd.,Limited,en,yes
Jan.,January,en,yes
Feb.,February,en,yes
Aug.,August,en,yes
Sept.,September,en,yes
Oct.,October,en,yes
Nov.,November,en,yes
Dec.,December,en,yes
i.e.,that is,en,no
a.k.a.,also known as,en,no
aka,also known as,en,no
approx.,approximately,en,no
mph,miles per hour,en,no
km/h,kilometers per hour,en,yes
sq ft,square feet,en,yes
ft,feet,en,yes
lbs,pounds,en,yes
lb,pounds,en,yes
oz,ounces,en,yes
cm,centimeters,en,yes
mm,millimeters,en,yes
WWI,World War One,en,yes
WWII,World War Two,en,yes
WW1,World War One,en,yes
WW2,World War Two,en,yes
World War I,World War One,en,yes
World War II,World War Two,en,yes
Elizabeth II,Elizabeth the Second,en,yes
Charles III,Charles the Third,en,yes
Henry VIII,Henry the Eighth,en,yes
Louis XIV,Louis the Fourteenth,en,yes
Louis XVI,Louis the Sixteenth,en,yes
John Paul II,John Paul the Second,en,yes
Benedict XVI,Benedict the Sixteenth,en,yes
George III,George the Third,en,yes
